tau,NASOQ,NASOQ-Fixed,NASOQ-TUNED
1.0,0.697951090548579,0.1024454725710509,0.19960343688037013
1.0092621909870476,0.7144745538664904,0.12161269001982816,0.21678783873099802
1.0186101701559758,0.7316589557171183,0.1394580304031725,0.23925974884335757
1.0280447320933093,0.7541308658294779,0.1553205551883675,0.25776602775941837
1.0375666787451858,0.7713152676801057,0.17382683410442828,0.2802379378717779
1.0471768194855202,0.7851949768671513,0.19299405155320556,0.29940515532055517
1.0568759711848041,0.7970918704560476,0.21216126900198282,0.3212161269001983
1.0666649582795393,0.8142762723066754,0.23529411764705882,0.34699272967614014
1.0765446128423155,0.8248512888301388,0.25776602775941837,0.37607402511566423
1.0865157746525382,0.8413747521480502,0.2848645076007931,0.39788499669530736
1.0965792912678098,0.8499669530733642,0.30601454064771977,0.4170522141440846
1.1067360180959736,0.8559153998678123,0.32650363516192993,0.44150693985459355
1.116986818467823,0.8631857237276933,0.34765366820885657,0.4547257105089227
1.1273325637104867,0.8717779246530073,0.37276933245208194,0.46926635822868473
1.1377741332214912,0.8823529411764706,0.3985459352280238,0.48446794448116326
1.148312414543511,0.8896232650363516,0.4170522141440846,0.5029742233972241
1.158948303439811,0.8942498347653668,0.4401850627891606,0.5168539325842697
1.1696827039703852,0.8982154659616656,0.4606741573033708,0.5426305353602116
1.180516528568805,0.9054857898215466,0.47851949768671515,0.5565102445472571
1.1914506981197759,0.9114342366159948,0.4970257766027759,0.5710508922670192
1.2024861420374122,0.9160608063450099,0.5208195637805684,0.5875743555849307
1.2136237983442408,0.9187045604758758,0.5446133509583608,0.6054196959682749
1.2248646137509314,0.9213483146067416,0.5617977528089888,0.6192994051553206
1.2362095437367686,0.9266358228684732,0.5836087243886319,0.6364838070059484
1.2476595526308696,0.9312623925974884,0.5981493721083939,0.6450760079312624
1.259215613694151,0.9332452081956378,0.612690019828156,0.6576338400528751
1.2708787092020586,0.9385327164573695,0.6292134831460674,0.6715135492399207
1.2826498305280605,0.9411764705882353,0.6457369464639788,0.6840713813615333
1.2945299782279156,0.9431592861863847,0.6582947785855915,0.6959682749504296
1.306520162124721,0.9451421017845341,0.6721744877726371,0.7105089226701917
1.3186214013947486,0.9471249173826835,0.6853932584269663,0.7177792465300727
1.330834724654075,0.9484467944481163,0.6913417052214144,0.7250495703899538
1.343161170046016,0.9510905485789821,0.6999339061467283,0.729676140118969
1.3556017853293685,0.9524124256444151,0.7105089226701917,0.7362855254461335
1.3681576279674716,0.9550561797752809,0.7177792465300727,0.7415730337078652
1.3808297652180925,0.9576999339061467,0.728354263053536,0.7488433575677462
1.3936192742241424,0.9616655651024455,0.7395902181097158,0.7580964970257766
1.406527242105237,0.9636483807005949,0.7461996034368804,0.7633840052875083
1.4195547660501011,0.9662921348314607,0.7508261731658956,0.7706543291473893
1.4327029534098308,0.9689358889623265,0.7574355584930601,0.7746199603436881
1.4459729217920199,0.9702577660277594,0.7719762062128223,0.7812293456708526
1.4593657991557567,0.9729015201586253,0.7944481163251818,0.8116325181758096
1.4728827239075026,0.9755452742894911,0.8440185062789161,0.8552544613350959
1.4865248449978568,0.9762062128222075,0.8770654329147389,0.8856576338400529
1.5002933220192183,0.9775280898876404,0.8869795109054858,0.900198281559815
1.5141893253043521,0.9781890284203569,0.8909451421017845,0.9041639127561136
1.5282140360258698,0.9795109054857898,0.8975545274289491,0.9107732980832782
1.5423686462966282,0.9795109054857898,0.9021810971579644,0.914738929279577
1.5566543592710615,0.9801718440185063,0.9068076668869796,0.9193654990085922
1.5710723892474503,0.9808327825512227,0.9101123595505618,0.9226701916721745
1.5856239617711374,0.9821546596166556,0.9160608063450099,0.930601454064772
1.6003103137387007,0.9821546596166556,0.9213483146067416,0.9365499008592201
1.6151326935030905,0.9828155981493721,0.9246530072703238,0.937871777924653
1.6300923609797406,0.9828155981493721,0.9299405155320555,0.9424983476536682
1.6451905877536626,0.984137475214805,0.9319233311302049,0.9471249173826835
1.66042865718753,0.984137475214805,0.9339061467283543,0.9510905485789821
1.6758078645307677,0.984137475214805,0.9372108393919365,0.9537343027098479
1.691329517029648,0.985459352280238,0.9391936549900859,0.9557171183079973
1.7069949340384074,0.985459352280238,0.9398545935228024,0.9563780568407139
1.722805447131394,0.9861202908129544,0.9405155320555189,0.9570389953734303
1.7387624002162507,0.9867812293456708,0.9458030403172505,0.9570389953734303
1.754867149648151,0.9867812293456708,0.9471249173826835,0.9610046265697291
1.7711210643450879,0.9867812293456708,0.9491077329808327,0.9616655651024455
1.787525525904235,0.9867812293456708,0.9504296100462657,0.9636483807005949
1.8040819287193828,0.9867812293456708,0.9524124256444151,0.9649702577660277
1.820791680099463,0.9867812293456708,0.9570389953734303,0.9656311962987442
1.8376562003881711,0.9867812293456708,0.9603436880370125,0.9709187045604759
1.8546769230846987,0.9867812293456708,0.9656311962987442,0.9735624586913417
1.8718552949655787,0.9867812293456708,0.9676140118968936,0.9742233972240582
1.8891927762076663,0.9867812293456708,0.9676140118968936,0.9742233972240582
1.9066908405122525,0.9867812293456708,0.9682749504296101,0.9762062128222075
1.924350975230331,0.9867812293456708,0.9689358889623265,0.976867151354924
1.9421746814890257,0.9867812293456708,0.969596827495043,0.9775280898876404
1.9601634743191854,0.9867812293456708,0.969596827495043,0.9795109054857898
1.9783188827841642,0.9874421678783873,0.969596827495043,0.9801718440185063
1.996642450109794,0.9874421678783873,0.9702577660277594,0.9808327825512227
2.0151357338155576,0.9874421678783873,0.9709187045604759,0.9814937210839392
2.0338003058469813,0.9874421678783873,0.9709187045604759,0.9814937210839392
2.052637752709252,0.9874421678783873,0.9715796430931923,0.9821546596166556
2.071649675602069,0.9874421678783873,0.9722405816259088,0.9828155981493721
2.0908376905557504,0.9874421678783873,0.9722405816259088,0.9828155981493721
2.1102034285685956,0.9874421678783873,0.9722405816259088,0.9834765366820886
2.12974853574552,0.9874421678783873,0.9722405816259088,0.984137475214805
2.14947467343798,0.9874421678783873,0.9729015201586253,0.984137475214805
2.1693835183851844,0.9874421678783873,0.9729015201586253,0.984137475214805
2.1894767628566214,0.9874421678783873,0.9742233972240582,0.9847984137475215
2.209756114795902,0.9874421678783873,0.9742233972240582,0.9847984137475215
2.2302232979659378,0.9874421678783873,0.9742233972240582,0.9847984137475215
2.2508800520954613,0.9874421678783873,0.9755452742894911,0.9847984137475215
2.2717281330269055,0.9874421678783873,0.9755452742894911,0.9847984137475215
2.2927693128656492,0.9874421678783873,0.9775280898876404,0.985459352280238
2.314005380130653,0.9874421678783873,0.9775280898876404,0.9861202908129544
2.3354381399064787,0.9874421678783873,0.9788499669530734,0.9867812293456708
2.3570694139967276,0.9874421678783873,0.9795109054857898,0.9867812293456708
2.3789010410788936,0.9874421678783873,0.9795109054857898,0.9874421678783873
2.4009348768606524,0.9874421678783873,0.9801718440185063,0.9874421678783873
2.4231727942375993,0.9874421678783873,0.9801718440185063,0.9874421678783873
2.445616683452446,0.9874421678783873,0.9801718440185063,0.9874421678783873
2.468268452255692,0.9874421678783873,0.9808327825512227,0.9874421678783873
2.491130026067789,0.9874421678783873,0.9808327825512227,0.9874421678783873
2.5142033481427974,0.9874421678783873,0.9808327825512227,0.9874421678783873
2.5374903797335704,0.9874421678783873,0.9814937210839392,0.9874421678783873
2.5609931002584587,0.9874421678783873,0.9814937210839392,0.9874421678783873
2.5847135074695635,0.9874421678783873,0.9894249834765367,0.9874421678783873
2.608653617622548,0.9874421678783873,0.9894249834765367,0.9881031064111038
2.632815465648021,0.9874421678783873,0.9894249834765367,0.9881031064111038
2.6572011053245053,0.9874421678783873,0.9894249834765367,0.9881031064111038
2.681812609453015,0.9874421678783873,0.9894249834765367,0.9881031064111038
2.7066520700332415,0.9874421678783873,0.9894249834765367,0.9881031064111038
2.7317215984413767,0.9874421678783873,0.9900859220092532,0.9881031064111038
2.7570233256095835,0.9874421678783873,0.9907468605419696,0.9881031064111038
2.7825594022071245,0.9874421678783873,0.9907468605419696,0.9881031064111038
2.808331998823172,0.9874421678783873,0.9907468605419696,0.9881031064111038
2.8343433061513092,0.9874421678783873,0.9907468605419696,0.9881031064111038
2.8605955351757424,0.9874421678783873,0.991407799074686,0.9881031064111038
2.887090917359236,0.9874421678783873,0.992729676140119,0.9881031064111038
2.9138317048327873,0.9874421678783873,0.992729676140119,0.9881031064111038
2.940820170587063,0.9874421678783873,0.992729676140119,0.9881031064111038
2.9680586086656024,0.9874421678783873,0.992729676140119,0.9881031064111038
2.9955493343598136,0.9874421678783873,0.992729676140119,0.9881031064111038
3.0232946844057773,0.9874421678783873,0.992729676140119,0.9881031064111038
3.0512970171828697,0.9874421678783873,0.992729676140119,0.9881031064111038
3.079558712914226,0.9874421678783873,0.992729676140119,0.9881031064111038
3.108082173869064,0.9874421678783873,0.992729676140119,0.9881031064111038
3.1368698245668774,0.9874421678783873,0.9933906146728354,0.9881031064111038
3.1659241119835224,0.9874421678783873,0.9933906146728354,0.9881031064111038
3.195247505759212,0.9874421678783873,0.9933906146728354,0.9881031064111038
3.2248424984084414,0.9874421678783873,0.9933906146728354,0.9881031064111038
3.254711605531848,0.9874421678783873,0.9933906146728354,0.9881031064111038
3.2848573660300446,0.9874421678783873,0.9933906146728354,0.9881031064111038
3.315282342319425,0.9874421678783873,0.9933906146728354,0.9881031064111038
3.345989120549973,0.9874421678783873,0.9940515532055518,0.9881031064111038
3.3769803108250906,0.9874421678783873,0.9940515532055518,0.9881031064111038
3.408258547423452,0.9874421678783873,0.9940515532055518,0.9881031064111038
3.4398264890229253,0.9874421678783873,0.9940515532055518,0.9881031064111038
3.4716868189265613,0.9874421678783873,0.9947124917382684,0.9881031064111038
3.503842245290674,0.9874421678783873,0.9947124917382684,0.9881031064111038
3.536295501355042,0.9874421678783873,0.9947124917382684,0.9881031064111038
3.5690493456752295,0.9874421678783873,0.9947124917382684,0.9881031064111038
3.602106562357071,0.9874421678783873,0.9947124917382684,0.9881031064111038
3.6354699612933197,0.9874421678783873,0.9947124917382684,0.9881031064111038
3.6691423784024932,0.9874421678783873,0.9947124917382684,0.9881031064111038
3.703126675869926,0.9874421678783873,0.9947124917382684,0.9881031064111038
3.737425742391064,0.9874421678783873,0.9953734302709848,0.9881031064111038
3.7720424934169983,0.9874421678783873,0.9953734302709848,0.9881031064111038
3.806979871402286,0.9874421678783873,0.9953734302709848,0.9881031064111038
3.84224084605506,0.9874421678783873,0.9953734302709848,0.9881031064111038
3.877828414589456,0.9874421678783873,0.9953734302709848,0.9881031064111038
3.913745601980384,0.9874421678783873,0.9953734302709848,0.9881031064111038
3.949995461220644,0.9874421678783873,0.9953734302709848,0.9881031064111038
3.9865810735804406,0.9874421678783873,0.9953734302709848,0.9881031064111038
4.023505548869292,0.9874421678783873,0.9953734302709848,0.9881031064111038
4.060772025700365,0.9874421678783873,0.9953734302709848,0.9881031064111038
4.0983836717572615,0.9874421678783873,0.9953734302709848,0.9881031064111038
4.136343684063275,0.9874421678783873,0.9953734302709848,0.9881031064111038
4.174655289253137,0.9874421678783873,0.9953734302709848,0.9881031064111038
4.213321743847288,0.9874421678783873,0.9953734302709848,0.9881031064111038
4.252346334528682,0.9874421678783873,0.9953734302709848,0.9881031064111038
4.291732378422157,0.9874421678783873,0.9953734302709848,0.9881031064111038
4.3314832233764,0.9874421678783873,0.9953734302709848,0.9881031064111038
4.371602248248505,0.9874421678783873,0.9953734302709848,0.9881031064111038
4.412092863191189,0.9874421678783873,0.9953734302709848,0.9881031064111038
4.452958509942655,0.9874421678783873,0.9953734302709848,0.9881031064111038
4.494202662119142,0.9874421678783873,0.9953734302709848,0.9881031064111038
4.535828825510188,0.9874421678783873,0.9960343688037012,0.9881031064111038
4.577840538376619,0.9874421678783873,0.9960343688037012,0.9881031064111038
4.6202413717513116,0.9874421678783873,0.9960343688037012,0.9881031064111038
4.663034929742731,0.9874421678783873,0.9960343688037012,0.9881031064111038
4.7062248498412815,0.9874421678783873,0.9960343688037012,0.9881031064111038
4.749814803228501,0.9874421678783873,0.9960343688037012,0.9881031064111038
4.79380849508911,0.9874421678783873,0.9960343688037012,0.9881031064111038
4.838209664925956,0.9874421678783873,0.9960343688037012,0.9881031064111038
4.8830220868778795,0.9874421678783873,0.9960343688037012,0.9881031064111038
4.9282495700405144,0.9874421678783873,0.9960343688037012,0.9881031064111038
4.973895958790064,0.9874421678783873,0.9960343688037012,0.9881031064111038
5.019965133110082,0.9874421678783873,0.9960343688037012,0.9881031064111038
5.066461008921268,0.9874421678783873,0.9960343688037012,0.9887640449438202
5.113387538414326,0.9874421678783873,0.9960343688037012,0.9887640449438202
5.160748710385909,0.9874421678783873,0.9960343688037012,0.9887640449438202
5.208548550577661,0.9874421678783873,0.9960343688037012,0.9887640449438202
5.256791122018422,0.9874421678783873,0.9960343688037012,0.9887640449438202
5.305480525369573,0.9874421678783873,0.9960343688037012,0.9887640449438202
5.354620899273607,0.9874421678783873,0.9960343688037012,0.9887640449438202
5.404216420705916,0.9874421678783873,0.9960343688037012,0.9887640449438202
5.454271305329834,0.9874421678783873,0.9960343688037012,0.9887640449438202
5.50478980785497,0.9874421678783873,0.9960343688037012,0.9887640449438202
5.555776222398876,0.9874421678783873,0.9960343688037012,0.9894249834765367
5.607234882852032,0.9874421678783873,0.9960343688037012,0.9894249834765367
5.659170163246244,0.9874421678783873,0.9960343688037012,0.9894249834765367
5.711586478126432,0.9874421678783873,0.9960343688037012,0.9894249834765367
5.764488282925877,0.9874421678783873,0.9960343688037012,0.9894249834765367
5.8178800743449335,0.9874421678783873,0.9960343688037012,0.9894249834765367
5.871766390733256,0.9874421678783873,0.9960343688037012,0.9894249834765367
5.926151812475554,0.9874421678783873,0.9960343688037012,0.9894249834765367
5.981040962380941,0.9874421678783873,0.9960343688037012,0.9894249834765367
6.036438506075867,0.9874421678783873,0.9960343688037012,0.9894249834765367
6.09234915240071,0.9874421678783873,0.9960343688037012,0.9894249834765367
6.148777653810023,0.9874421678783873,0.9960343688037012,0.9894249834765367
6.205728806776502,0.9874421678783873,0.9960343688037012,0.9894249834765367
6.26320745219869,0.9874421678783873,0.9960343688037012,0.9894249834765367
6.321218475812452,0.9874421678783873,0.9960343688037012,0.9894249834765367
6.379766808606281,0.9874421678783873,0.9960343688037012,0.9894249834765367
6.4388574272404195,0.9874421678783873,0.9960343688037012,0.9894249834765367
6.49849535446989,0.9874421678783873,0.9960343688037012,0.9894249834765367
6.558685659571432,0.9874421678783873,0.9960343688037012,0.9894249834765367
6.619433458774393,0.9874421678783873,0.9960343688037012,0.9894249834765367
6.680743915695613,0.9874421678783873,0.9960343688037012,0.9894249834765367
6.742622241778342,0.9874421678783873,0.9960343688037012,0.9894249834765367
6.805073696735208,0.9874421678783873,0.9960343688037012,0.9894249834765367
6.868103588995304,0.9874421678783873,0.9960343688037012,0.9894249834765367
6.931717276155406,0.9874421678783873,0.9960343688037012,0.9894249834765367
6.995920165435373,0.9874421678783873,0.9966953073364178,0.9894249834765367
7.060717714137773,0.9874421678783873,0.9966953073364178,0.9894249834765367
7.1261154301117475,0.9874421678783873,0.9966953073364178,0.9894249834765367
7.192118872221189,0.9874421678783873,0.9966953073364178,0.9894249834765367
7.258733650817251,0.9874421678783873,0.9966953073364178,0.9894249834765367
7.3259654282152304,0.9874421678783873,0.9966953073364178,0.9894249834765367
7.393819919175866,0.9874421678783873,0.9966953073364178,0.9894249834765367
7.46230289139111,0.9874421678783873,0.9966953073364178,0.9894249834765367
7.531420165974372,0.9874421678783873,0.9966953073364178,0.9894249834765367
7.6011776179553285,0.9874421678783873,0.9966953073364178,0.9894249834765367
7.671581176779302,0.9874421678783873,0.9966953073364178,0.9894249834765367
7.742636826811269,0.9874421678783873,0.9966953073364178,0.9894249834765367
7.814350607844544,0.9874421678783873,0.9966953073364178,0.9894249834765367
7.886728615614152,0.9874421678783873,0.9966953073364178,0.9894249834765367
7.959777002314984,0.9874421678783873,0.9966953073364178,0.9894249834765367
8.033501977124734,0.9874421678783873,0.9966953073364178,0.9894249834765367
8.107909806731687,0.9874421678783873,0.9966953073364178,0.9894249834765367
8.183006815867392,0.9874421678783873,0.9966953073364178,0.9894249834765367
8.258799387844268,0.9874421678783873,0.9966953073364178,0.9900859220092532
8.335293965098193,0.9874421678783873,0.9966953073364178,0.9900859220092532
8.412497049736118,0.9874421678783873,0.9966953073364178,0.9900859220092532
8.490415204088746,0.9874421678783873,0.9966953073364178,0.9900859220092532
8.56905505126835,0.9874421678783873,0.9966953073364178,0.9907468605419696
8.648423275731723,0.9874421678783873,0.9966953073364178,0.9907468605419696
8.728526623848378,0.9874421678783873,0.9966953073364178,0.9973562458691342
8.809371904473991,0.9874421678783873,0.9966953073364178,0.9973562458691342
8.89096598952916,0.9874421678783873,0.9966953073364178,0.9973562458691342
8.973315814583522,0.9874421678783873,0.9966953073364178,0.9980171844018506
9.05642837944529,0.9874421678783873,0.9966953073364178,0.9980171844018506
9.14031074875623,0.9874421678783873,0.9966953073364178,0.9980171844018506
9.224970052592175,0.9874421678783873,0.9966953073364178,0.9980171844018506
9.310413487069077,0.9874421678783873,0.9966953073364178,0.9980171844018506
9.396648314954692,0.9874421678783873,0.9966953073364178,0.9980171844018506
9.483681866285922,0.9874421678783873,0.9966953073364178,0.9980171844018506
9.571521538991863,0.9874421678783873,0.9966953073364178,0.9980171844018506
9.660174799522645,0.9874421678783873,0.9966953073364178,0.9980171844018506
9.749649183484088,0.9874421678783873,0.9966953073364178,0.9980171844018506
9.83995229627823,0.9874421678783873,0.9966953073364178,0.9980171844018506
9.931091813749795,0.9874421678783873,0.9966953073364178,0.9980171844018506
10.023075482838655,0.9874421678783873,0.9966953073364178,0.9980171844018506
10.115911122238298,0.9874421678783873,0.9966953073364178,0.9980171844018506
10.209606623060465,0.9874421678783873,0.9966953073364178,0.9980171844018506
10.30416994950588,0.9874421678783873,0.9966953073364178,0.9980171844018506
10.399609139541198,0.9874421678783873,0.9966953073364178,0.9980171844018506
10.495932305582278,0.9874421678783873,0.9966953073364178,0.9980171844018506
10.5931476351837,0.9874421678783873,0.9966953073364178,0.9980171844018506
10.691263391734761,0.9874421678783873,0.9966953073364178,0.9980171844018506
10.79028791516184,0.9874421678783873,0.9966953073364178,0.9980171844018506
10.8902296226373,0.9874421678783873,0.9966953073364178,0.9980171844018506
10.991097009294972,0.9874421678783873,0.9966953073364178,0.9980171844018506
11.092898648952227,0.9874421678783873,0.9966953073364178,0.9980171844018506
11.195643194838782,0.9874421678783873,0.9966953073364178,0.9980171844018506
11.299339380332222,0.9874421678783873,0.9966953073364178,0.9980171844018506
11.403996019700324,0.9874421678783873,0.9966953073364178,0.9980171844018506
11.509622008850323,0.9874421678783873,0.9966953073364178,0.9980171844018506
11.616226326085018,0.9874421678783873,0.9966953073364178,0.9980171844018506
11.723818032865985,0.9874421678783873,0.9966953073364178,0.9980171844018506
11.832406274583786,0.9874421678783873,0.9966953073364178,0.9980171844018506
11.94200028133532,0.9874421678783873,0.9966953073364178,0.9980171844018506
12.052609368708426,0.9874421678783873,0.9966953073364178,0.998678122934567
12.164242938573679,0.9874421678783873,0.9966953073364178,0.998678122934567
12.276910479883592,0.9874421678783873,0.9966953073364178,0.998678122934567
12.390621569479162,0.9874421678783873,0.9966953073364178,0.998678122934567
12.505385872903908,0.9874421678783873,0.9966953073364178,0.998678122934567
12.621213145225473,0.9874421678783873,0.9966953073364178,0.998678122934567
12.738113231864785,0.9874421678783873,0.9966953073364178,0.998678122934567
12.856096069432958,0.9874421678783873,0.9966953073364178,0.998678122934567
12.975171686575875,0.9874421678783873,0.9966953073364178,0.998678122934567
13.095350204826671,0.9874421678783873,0.9966953073364178,0.998678122934567
13.216641839466051,0.9874421678783873,0.9966953073364178,0.998678122934567
13.339056900390586,0.9874421678783873,0.9966953073364178,0.998678122934567
13.462605792989104,0.9874421678783873,0.9966953073364178,0.998678122934567
13.587299019027098,0.9874421678783873,0.9966953073364178,0.998678122934567
13.71314717753945,0.9874421678783873,0.9966953073364178,0.998678122934567
13.840160965731316,0.9874421678783873,0.9966953073364178,0.998678122934567
13.968351179887398,0.9874421678783873,0.9966953073364178,0.998678122934567
14.09772871628967,0.9874421678783873,0.9966953073364178,0.998678122934567
14.228304572143527,0.9874421678783873,0.9966953073364178,0.998678122934567
14.360089846512599,0.9874421678783873,0.9966953073364178,0.998678122934567
14.493095741262167,0.9874421678783873,0.9966953073364178,0.998678122934567
14.627333562011298,0.9874421678783873,0.9966953073364178,0.998678122934567
14.762814719093903,0.9874421678783873,0.9966953073364178,0.998678122934567
14.899550728528544,0.9874421678783873,0.9966953073364178,0.998678122934567
15.037553212997377,0.9874421678783873,0.9966953073364178,0.998678122934567
15.176833902834053,0.9874421678783873,0.9966953073364178,0.998678122934567
15.317404637020799,0.9874421678783873,0.9966953073364178,0.998678122934567
15.459277364194778,0.9874421678783873,0.9966953073364178,0.998678122934567
15.602464143663688,0.9874421678783873,0.9966953073364178,0.998678122934567
15.74697714643086,0.9874421678783873,0.9966953073364178,0.998678122934567
15.89282865622978,0.9874421678783873,0.9966953073364178,0.998678122934567
16.0400310705682,0.9874421678783873,0.9966953073364178,0.998678122934567
16.188596901781985,0.9874421678783873,0.9966953073364178,0.998678122934567
16.338538778098613,0.9874421678783873,0.9966953073364178,0.998678122934567
16.48986944471065,0.9874421678783873,0.9966953073364178,0.998678122934567
16.642601764859037,0.9874421678783873,0.9966953073364178,0.998678122934567
16.79674872092653,0.9874421678783873,0.9966953073364178,0.998678122934567
16.952323415541205,0.9874421678783873,0.9966953073364178,0.998678122934567
17.109339072690144,0.9874421678783873,0.9966953073364178,0.998678122934567
17.26780903884356,0.9874421678783873,0.9966953073364178,0.998678122934567
17.42774678408919,0.9874421678783873,0.9966953073364178,0.998678122934567
17.589165903277326,0.9874421678783873,0.9966953073364178,0.998678122934567
17.75208011717635,0.9874421678783873,0.9966953073364178,0.998678122934567
17.916503273639005,0.9874421678783873,0.9966953073364178,0.998678122934567
18.082449348779516,0.9874421678783873,0.9966953073364178,0.998678122934567
18.249932448161523,0.9874421678783873,0.9966953073364178,0.998678122934567
18.41896680799711,0.9874421678783873,0.9966953073364178,0.998678122934567
18.589566796356873,0.9874421678783873,0.9966953073364178,0.998678122934567
18.761746914391203,0.9874421678783873,0.9966953073364178,0.998678122934567
18.935521797562952,0.9874421678783873,0.9966953073364178,0.998678122934567
19.11090621689138,0.9874421678783873,0.9966953073364178,0.998678122934567
19.287915080207778,0.9874421678783873,0.9966953073364178,0.998678122934567
19.46656343342262,0.9874421678783873,0.9966953073364178,0.998678122934567
19.646866461804457,0.9874421678783873,0.9966953073364178,0.998678122934567
19.828839491270713,0.9874421678783873,0.9966953073364178,0.998678122934567
20.01249798969037,0.9874421678783873,0.9966953073364178,0.998678122934567
20.197857568198785,0.9874421678783873,0.9966953073364178,0.998678122934567
20.384933982524633,0.9874421678783873,0.9966953073364178,0.998678122934567
20.573743134329128,0.9874421678783873,0.9966953073364178,0.998678122934567
20.764301072557746,0.9874421678783873,0.9966953073364178,0.998678122934567
20.956623994804332,0.9874421678783873,0.9966953073364178,0.998678122934567
21.150728248687948,0.9874421678783873,0.9966953073364178,0.998678122934567
21.346630333242445,0.9874421678783873,0.9966953073364178,0.998678122934567
21.544346900318832,0.9874421678783873,0.9966953073364178,0.998678122934567
21.7438947560008,0.9874421678783873,0.9966953073364178,0.998678122934567
21.945290862033136,0.9874421678783873,0.9966953073364178,0.998678122934567
22.14855233726359,0.9874421678783873,0.9966953073364178,0.998678122934567
22.353696459097954,0.9874421678783873,0.9966953073364178,0.998678122934567
22.560740664968602,0.9874421678783873,0.9966953073364178,0.998678122934567
22.7697025538168,0.9874421678783873,0.9966953073364178,0.998678122934567
22.98059988758851,0.9874421678783873,0.9966953073364178,0.998678122934567
23.193450592744288,0.9874421678783873,0.9966953073364178,0.998678122934567
23.408272761782932,0.9874421678783873,0.9966953073364178,0.998678122934567
23.625084654779464,0.9874421678783873,0.9966953073364178,0.998678122934567
23.843904700937205,0.9874421678783873,0.9966953073364178,0.998678122934567
24.06475150015424,0.9874421678783873,0.9966953073364178,0.998678122934567
24.287643824604515,0.9874421678783873,0.9966953073364178,0.998678122934567
24.512600620333387,0.9874421678783873,0.9966953073364178,0.998678122934567
24.73964100886813,0.9874421678783873,0.9966953073364178,0.998678122934567
24.968784288843267,0.9874421678783873,0.9966953073364178,0.998678122934567
25.200049937640923,0.9874421678783873,0.9966953073364178,0.998678122934567
25.433457613046496,0.9874421678783873,0.9966953073364178,0.998678122934567
25.669027154919505,0.9874421678783873,0.9966953073364178,0.998678122934567
25.906778586880076,0.9874421678783873,0.9966953073364178,0.998678122934567
26.14673211801092,0.9874421678783873,0.9966953073364178,0.998678122934567
26.388908144575105,0.9874421678783873,0.9966953073364178,0.998678122934567
26.633327251749822,0.9874421678783873,0.9966953073364178,0.998678122934567
26.88001021537606,0.9874421678783873,0.9966953073364178,0.998678122934567
27.128978003724658,0.9874421678783873,0.9966953073364178,0.998678122934567
27.380251779278577,0.9874421678783873,0.9966953073364178,0.998678122934567
27.6338529005317,0.9874421678783873,0.9966953073364178,0.998678122934567
27.88980292380441,0.9874421678783873,0.9966953073364178,0.998678122934567
28.1481236050758,0.9874421678783873,0.9966953073364178,0.998678122934567
28.408836901833027,0.9874421678783873,0.9966953073364178,0.998678122934567
28.671964974937698,0.9874421678783873,0.9966953073364178,0.998678122934567
28.937530190509502,0.9874421678783873,0.9966953073364178,0.998678122934567
29.205555121827466,0.9874421678783873,0.9966953073364178,0.998678122934567
29.47606255124857,0.9874421678783873,0.9966953073364178,0.998678122934567
29.749075472144405,0.9874421678783873,0.9966953073364178,0.998678122934567
30.024617090855493,0.9874421678783873,0.9966953073364178,0.998678122934567
30.30271082866396,0.9874421678783873,0.9966953073364178,0.998678122934567
30.583380323784333,0.9874421678783873,0.9966953073364178,0.998678122934567
30.86664943337273,0.9874421678783873,0.9966953073364178,0.998678122934567
31.15254223555488,0.9874421678783873,0.9966953073364178,0.998678122934567
31.441083031472647,0.9874421678783873,0.9966953073364178,0.998678122934567
31.732296347349763,0.9874421678783873,0.9966953073364178,0.998678122934567
32.02620693657652,0.9874421678783873,0.9966953073364178,0.998678122934567
32.32283978181379,0.9874421678783873,0.9966953073364178,0.998678122934567
32.622220097116696,0.9874421678783873,0.9966953073364178,0.998678122934567
32.924373330077685,0.9874421678783873,0.9966953073364178,0.998678122934567
33.229325163989714,0.9874421678783873,0.9966953073364178,0.998678122934567
33.5371015200293,0.9874421678783873,0.9966953073364178,0.998678122934567
33.84772855945981,0.9874421678783873,0.9966953073364178,0.998678122934567
34.16123268585528,0.9874421678783873,0.9966953073364178,0.998678122934567
34.47764054734464,0.9874421678783873,0.9966953073364178,0.998678122934567
34.79697903887691,0.9874421678783873,0.9966953073364178,0.998678122934567
35.1192753045073,0.9874421678783873,0.9966953073364178,0.998678122934567
35.44455673970434,0.9874421678783873,0.9966953073364178,0.998678122934567
35.77285099367874,0.9874421678783873,0.9966953073364178,0.998678122934567
36.10418597173337,0.9874421678783873,0.9966953073364178,0.998678122934567
36.43858983763545,0.9874421678783873,0.9966953073364178,0.998678122934567
36.77609101601033,0.9874421678783873,0.9966953073364178,0.998678122934567
37.11671819475765,0.9874421678783873,0.9966953073364178,0.998678122934567
37.46050032748993,0.9874421678783873,0.9966953073364178,0.998678122934567
37.80746663599349,0.9874421678783873,0.9966953073364178,0.998678122934567
38.15764661271248,0.9874421678783873,0.9966953073364178,0.998678122934567
38.511070023255705,0.9874421678783873,0.9966953073364178,0.998678122934567
38.867766908926654,0.9874421678783873,0.9966953073364178,0.998678122934567
39.22776758927719,0.9874421678783873,0.9966953073364178,0.998678122934567
39.591102664684584,0.9874421678783873,0.9966953073364178,0.998678122934567
39.957803018952696,0.9874421678783873,0.9966953073364178,0.998678122934567
40.32789982193707,0.9874421678783873,0.9966953073364178,0.998678122934567
40.701424532194366,0.9874421678783873,0.9966953073364178,0.998678122934567
41.078408899656466,0.9874421678783873,0.9966953073364178,0.998678122934567
41.45888496832911,0.9874421678783873,0.9966953073364178,0.998678122934567
41.84288507901582,0.9874421678783873,0.9966953073364178,0.998678122934567
42.23044187206674,0.9874421678783873,0.9966953073364178,0.998678122934567
42.62158829015323,0.9874421678783873,0.9966953073364178,0.998678122934567
43.01635758106795,0.9874421678783873,0.9966953073364178,0.998678122934567
43.41478330055092,0.9874421678783873,0.9966953073364178,0.998678122934567
43.816899315141924,0.9874421678783873,0.9966953073364178,0.998678122934567
44.22273980505899,0.9874421678783873,0.9966953073364178,0.998678122934567
44.63233926710395,0.9874421678783873,0.9966953073364178,0.998678122934567
45.04573251759459,0.9874421678783873,0.9966953073364178,0.998678122934567
45.462954695323994,0.9874421678783873,0.9966953073364178,0.998678122934567
45.88404126454759,0.9874421678783873,0.9966953073364178,0.998678122934567
46.30902801799739,0.9874421678783873,0.9966953073364178,0.998678122934567
46.73795107992461,0.9874421678783873,0.9966953073364178,0.998678122934567
47.17084690917017,0.9874421678783873,0.9966953073364178,0.998678122934567
47.607752302263684,0.9874421678783873,0.9966953073364178,0.998678122934567
48.048704396551315,0.9874421678783873,0.9966953073364178,0.998678122934567
48.493740673352356,0.9874421678783873,0.9966953073364178,0.998678122934567
48.94289896114529,0.9874421678783873,0.9966953073364178,0.998678122934567
49.396217438783204,0.9874421678783873,0.9966953073364178,0.998678122934567
49.853734638738935,0.9874421678783873,0.9966953073364178,0.998678122934567
50.31548945038054,0.9874421678783873,0.9966953073364178,0.998678122934567
50.78152112327673,0.9874421678783873,0.9966953073364178,0.998678122934567
51.2518692705333,0.9874421678783873,0.9966953073364178,0.998678122934567
51.72657387216019,0.9874421678783873,0.9966953073364178,0.998678122934567
52.205675278469755,0.9874421678783873,0.9966953073364178,0.998678122934567
52.689214213506744,0.9874421678783873,0.9966953073364178,0.998678122934567
53.17723177850969,0.9874421678783873,0.9966953073364178,0.998678122934567
53.66976945540476,0.9874421678783873,0.9966953073364178,0.998678122934567
54.16686911033152,0.9874421678783873,0.9966953073364178,0.998678122934567
54.66857299720181,0.9874421678783873,0.9966953073364178,0.998678122934567
55.17492376129126,0.9874421678783873,0.9966953073364178,0.998678122934567
55.68596444286412,0.9874421678783873,0.9966953073364178,0.998678122934567
56.20173848083188,0.9874421678783873,0.9966953073364178,0.998678122934567
56.72228971644544,0.9874421678783873,0.9966953073364178,0.998678122934567
57.247662397021784,0.9874421678783873,0.9966953073364178,0.998678122934567
57.77790117970504,0.9874421678783873,0.9966953073364178,0.998678122934567
58.313051135262214,0.9874421678783873,0.9966953073364178,0.998678122934567
58.8531577519145,0.9874421678783873,0.9966953073364178,0.998678122934567
59.398266939203566,0.9874421678783873,0.9966953073364178,0.998678122934567
59.94842503189409,0.9874421678783873,0.9966953073364178,0.998678122934567
60.503678793912215,0.9874421678783873,0.9966953073364178,0.998678122934567
61.06407542232039,0.9874421678783873,0.9966953073364178,0.998678122934567
61.629662551329425,0.9874421678783873,0.9966953073364178,0.998678122934567
62.200488256347114,0.9874421678783873,0.9966953073364178,0.998678122934567
62.776601058065,0.9874421678783873,0.9966953073364178,0.998678122934567
63.35804992658251,0.9874421678783873,0.9966953073364178,0.998678122934567
63.9448842855694,0.9874421678783873,0.9966953073364178,0.998678122934567
64.53715401646701,0.9874421678783873,0.9966953073364178,0.998678122934567
65.13490946272803,0.9874421678783873,0.9966953073364178,0.998678122934567
65.73820143409586,0.9874421678783873,0.9966953073364178,0.998678122934567
66.34708121092348,0.9874421678783873,0.9966953073364178,0.998678122934567
66.96160054853219,0.9874421678783873,0.9966953073364178,0.998678122934567
67.5818116816111,0.9874421678783873,0.9966953073364178,0.998678122934567
68.20776732865686,0.9874421678783873,0.9966953073364178,0.998678122934567
68.83952069645497,0.9874421678783873,0.9966953073364178,0.998678122934567
69.47712548460237,0.9874421678783873,0.9966953073364178,0.998678122934567
70.12063589007181,0.9874421678783873,0.9966953073364178,0.998678122934567
70.77010661181889,0.9874421678783873,0.9966953073364178,0.998678122934567
71.42559285543126,0.9874421678783873,0.9966953073364178,0.998678122934567
72.08715033782136,0.9874421678783873,0.9966953073364178,0.998678122934567
72.7548352919623,0.9874421678783873,0.9966953073364178,0.998678122934567
73.42870447166761,0.9874421678783873,0.9966953073364178,0.998678122934567
74.1088151564157,0.9874421678783873,0.9966953073364178,0.998678122934567
74.79522515621821,0.9874421678783873,0.9966953073364178,0.998678122934567
75.48799281653436,0.9874421678783873,0.9966953073364178,0.998678122934567
76.18717702322995,0.9874421678783873,0.9966953073364178,0.998678122934567
76.8928372075831,0.9874421678783873,0.9966953073364178,0.998678122934567
77.6050333513357,0.9874421678783873,0.9966953073364178,0.998678122934567
78.32382599179196,0.9874421678783873,0.9966953073364178,0.998678122934567
79.04927622696424,0.9874421678783873,0.9966953073364178,0.998678122934567
79.78144572076624,0.9874421678783873,0.9966953073364178,0.998678122934567
80.52039670825474,0.9874421678783873,0.9966953073364178,0.998678122934567
81.26619200091946,0.9874421678783873,0.9966953073364178,0.998678122934567
82.01889499202203,0.9874421678783873,0.9966953073364178,0.998678122934567
82.77856966198476,0.9874421678783873,0.9966953073364178,0.998678122934567
83.54528058382867,0.9874421678783873,0.9966953073364178,0.998678122934567
84.31909292866256,0.9874421678783873,0.9966953073364178,0.998678122934567
85.10007247122246,0.9874421678783873,0.9966953073364178,0.998678122934567
85.88828559546249,0.9874421678783873,0.9966953073364178,0.998678122934567
86.68379930019779,0.9874421678783873,0.9966953073364178,0.998678122934567
87.4866812047991,0.9874421678783873,0.9966953073364178,0.998678122934567
88.29699955494087,0.9874421678783873,0.9966953073364178,0.998678122934567
89.11482322840202,0.9874421678783873,0.9966953073364178,0.998678122934567
89.94022174092044,0.9874421678783873,0.9966953073364178,0.998678122934567
90.77326525210228,0.9874421678783873,0.9966953073364178,0.998678122934567
91.61402457138516,0.9874421678783873,0.9966953073364178,0.998678122934567
92.46257116405738,0.9874421678783873,0.9966953073364178,0.998678122934567
93.31897715733238,0.9874421678783873,0.9966953073364178,0.998678122934567
94.18331534647952,0.9874421678783873,0.9966953073364178,0.998678122934567
95.05565920101196,0.9874421678783873,0.9966953073364178,0.998678122934567
95.93608287093141,0.9874421678783873,0.9966953073364178,0.998678122934567
96.82466119303123,0.9874421678783873,0.9966953073364178,0.998678122934567
97.72146969725725,0.9874421678783873,0.9966953073364178,0.998678122934567
98.6265846131282,0.9874421678783873,0.9966953073364178,0.998678122934567
99.54008287621524,0.9874421678783873,0.9966953073364178,0.998678122934567
100.46204213468131,0.9874421678783873,0.9966953073364178,0.998678122934567
101.39254075588153,0.9874421678783873,0.9966953073364178,0.998678122934567
102.3316578330245,0.9874421678783873,0.9966953073364178,0.998678122934567
103.27947319189515,0.9874421678783873,0.9966953073364178,0.998678122934567
104.23606739764011,0.9874421678783873,0.9966953073364178,0.998678122934567
105.20152176161591,0.9874421678783873,0.9966953073364178,0.998678122934567
106.17591834830002,0.9874421678783873,0.9966953073364178,0.998678122934567
107.15933998226711,0.9874421678783873,0.9966953073364178,0.998678122934567
108.15187025522881,0.9874421678783873,0.9966953073364178,0.998678122934567
109.1535935331391,0.9874421678783873,0.9966953073364178,0.998678122934567
110.16459496336569,0.9874421678783873,0.9966953073364178,0.998678122934567
111.1849604819271,0.9874421678783873,0.9966953073364178,0.998678122934567
112.21477682079802,0.9874421678783873,0.9966953073364178,0.998678122934567
113.25413151528114,0.9874421678783873,0.9966953073364178,0.998678122934567
114.30311291144787,0.9874421678783873,0.9966953073364178,0.998678122934567
115.36181017364785,0.9874421678783873,0.9966953073364178,0.998678122934567
116.43031329208767,0.9874421678783873,0.9966953073364178,0.998678122934567
117.50871309048075,0.9874421678783873,0.9966953073364178,0.998678122934567
118.59710123376694,0.9874421678783873,0.9966953073364178,0.998678122934567
119.69557023590428,0.9874421678783873,0.9966953073364178,0.998678122934567
120.8042134677329,0.9874421678783873,0.9966953073364178,0.998678122934567
121.92312516491107,0.9874421678783873,0.9966953073364178,0.998678122934567
123.05240043592616,0.9874421678783873,0.9966953073364178,0.998678122934567
124.19213527017834,0.9874421678783873,0.9966953073364178,0.998678122934567
125.34242654613995,0.9874421678783873,0.9966953073364178,0.998678122934567
126.50337203959037,0.9874421678783873,0.9966953073364178,0.998678122934567
127.67507043192657,0.9874421678783873,0.9966953073364178,0.998678122934567
128.8576213185518,0.9874421678783873,0.9966953073364178,0.998678122934567
130.05112521734085,0.9874421678783873,0.9966953073364178,0.9993390614672836
131.25568357718427,0.9874421678783873,0.9966953073364178,0.9993390614672836
132.47139878661176,0.9874421678783873,0.9966953073364178,0.9993390614672836
133.69837418249466,0.9874421678783873,0.9966953073364178,0.9993390614672836
134.93671405883066,0.9874421678783873,0.9966953073364178,0.9993390614672836
136.18652367560813,0.9874421678783873,0.9966953073364178,0.9993390614672836
137.44790926775366,0.9874421678783873,0.9966953073364178,0.9993390614672836
138.7209780541621,0.9874421678783873,0.9966953073364178,0.9993390614672836
140.00583824680976,0.9874421678783873,0.9966953073364178,0.9993390614672836
141.30259905995337,0.9874421678783873,0.9966953073364178,0.9993390614672836
142.61137071941283,0.9874421678783873,0.9966953073364178,0.9993390614672836
143.93226447194064,0.9874421678783873,0.9966953073364178,0.9993390614672836
145.26539259467813,0.9874421678783873,0.9966953073364178,0.9993390614672836
146.61086840469844,0.9874421678783873,0.9966953073364178,0.9993390614672836
147.96880626863964,0.9874421678783873,0.9966953073364178,0.9993390614672836
149.33932161242518,0.9874421678783873,0.9966953073364178,0.9993390614672836
150.72253093107557,0.9874421678783873,0.9966953073364178,0.9993390614672836
152.1185517986105,0.9874421678783873,0.9966953073364178,0.9993390614672836
153.52750287804227,0.9874421678783873,0.9966953073364178,0.9993390614672836
154.94950393146317,0.9874421678783873,0.9966953073364178,0.9993390614672836
156.3846758302246,0.9874421678783873,0.9966953073364178,0.9993390614672836
157.8331405652118,0.9874421678783873,0.9966953073364178,0.9993390614672836
159.29502125721228,0.9874421678783873,0.9966953073364178,0.9993390614672836
160.77044216738236,0.9874421678783873,0.9966953073364178,0.9993390614672836
162.25952870780873,0.9874421678783873,0.9966953073364178,0.9993390614672836
163.76240745216873,0.9874421678783873,0.9966953073364178,0.9993390614672836
165.27920614648954,0.9874421678783873,0.9966953073364178,0.9993390614672836
166.81005372000593,0.9874421678783873,0.9966953073364178,0.9993390614672836
168.35508029612024,0.9874421678783873,0.9966953073364178,0.9993390614672836
169.9144172034626,0.9874421678783873,0.9966953073364178,0.9993390614672836
171.48819698705393,0.9874421678783873,0.9966953073364178,0.9993390614672836
173.07655341957258,0.9874421678783873,0.9966953073364178,0.9993390614672836
174.67962151272457,0.9874421678783873,0.9966953073364178,0.9993390614672836
176.29753752872057,0.9874421678783873,0.9966953073364178,0.9993390614672836
177.93043899185773,0.9874421678783873,0.9966953073364178,0.9993390614672836
179.5784647002095,0.9874421678783873,0.9966953073364178,0.9993390614672836
181.24175473742378,0.9874421678783873,0.9966953073364178,0.9993390614672836
182.92045048462938,0.9874421678783873,0.9966953073364178,0.9993390614672836
184.61469463245476,0.9874421678783873,0.9966953073364178,0.9993390614672836
186.324631193156,0.9874421678783873,0.9966953073364178,0.9993390614672836
188.05040551285816,0.9874421678783873,0.9966953073364178,0.9993390614672836
189.79216428391015,0.9874421678783873,0.9966953073364178,0.9993390614672836
191.55005555735278,0.9874421678783873,0.9966953073364178,0.9993390614672836
193.32422875550452,0.9874421678783873,0.9966953073364178,0.9993390614672836
195.11483468466164,0.9874421678783873,0.9966953073364178,0.9993390614672836
196.92202554791714,0.9874421678783873,0.9966953073364178,0.9993390614672836
198.74595495809837,0.9874421678783873,0.9966953073364178,0.9993390614672836
200.5867779508234,0.9874421678783873,0.9966953073364178,0.9993390614672836
202.44465099768038,0.9874421678783873,0.9966953073364178,0.9993390614672836
204.31973201952704,0.9874421678783873,0.9966953073364178,0.9993390614672836
206.21218039991425,0.9874421678783873,0.9966953073364178,0.9993390614672836
208.12215699863393,0.9874421678783873,0.9966953073364178,0.9993390614672836
210.04982416539153,0.9874421678783873,0.9966953073364178,0.9993390614672836
211.9953457536071,0.9874421678783873,0.9966953073364178,0.9993390614672836
213.95888713434215,0.9874421678783873,0.9966953073364178,0.9993390614672836
215.94061521035653,0.9874421678783873,0.9966953073364178,0.9993390614672836
217.94069843029558,0.9874421678783873,0.9966953073364178,0.9993390614672836
219.95930680300748,0.9874421678783873,0.9966953073364178,0.9993390614672836
221.99661191199547,0.9874421678783873,0.9966953073364178,0.9993390614672836
224.05278693000182,0.9874421678783873,0.9966953073364178,0.9993390614672836
226.12800663372772,0.9874421678783873,0.9966953073364178,0.9993390614672836
228.22244741868985,0.9874421678783873,0.9966953073364178,0.9993390614672836
230.33628731421314,0.9874421678783873,0.9966953073364178,0.9993390614672836
232.4697059985648,0.9874421678783873,0.9966953073364178,0.9993390614672836
234.62288481422624,0.9874421678783873,0.9966953073364178,0.9993390614672836
236.79600678330763,0.9874421678783873,0.9966953073364178,0.9993390614672836
238.98925662310504,0.9874421678783873,0.9966953073364178,0.9993390614672836
241.2028207618007,0.9874421678783873,0.9966953073364178,0.9993390614672836
243.43688735431104,0.9874421678783873,0.9966953073364178,0.9993390614672836
245.691646298279,0.9874421678783873,0.9966953073364178,0.9993390614672836
247.96728925021577,0.9874421678783873,0.9966953073364178,0.9993390614672836
250.26400964179192,0.9874421678783873,0.9966953073364178,0.9993390614672836
252.58200269627847,0.9874421678783873,0.9966953073364178,0.9993390614672836
254.9214654451423,0.9874421678783873,0.9966953073364178,0.9993390614672836
257.28259674479324,0.9874421678783873,0.9966953073364178,0.9993390614672836
259.665597293487,0.9874421678783873,0.9966953073364178,0.9993390614672836
262.07066964838526,0.9874421678783873,0.9966953073364178,0.9993390614672836
264.498018242772,0.9874421678783873,0.9966953073364178,0.9993390614672836
266.9478494034321,0.9874421678783873,0.9966953073364178,0.9993390614672836
269.4203713681882,0.9874421678783873,0.9966953073364178,0.9993390614672836
271.9157943036019,0.9874421678783873,0.9966953073364178,0.9993390614672836
274.43433032283656,0.9874421678783873,0.9966953073364178,0.9993390614672836
276.9761935036891,0.9874421678783873,0.9966953073364178,0.9993390614672836
279.5415999067856,0.9874421678783873,0.9966953073364178,0.9993390614672836
282.1307675939471,0.9874421678783873,0.9966953073364178,0.9993390614672836
284.74391664672476,0.9874421678783873,0.9966953073364178,0.9993390614672836
287.38126918510665,0.9874421678783873,0.9966953073364178,0.9993390614672836
290.04304938639916,0.9874421678783873,0.9966953073364178,0.9993390614672836
292.7294835042816,0.9874421678783873,0.9966953073364178,0.9993390614672836
295.440799888038,0.9874421678783873,0.9966953073364178,0.9993390614672836
298.17722900196736,0.9874421678783873,0.9966953073364178,0.9993390614672836
300.9390034449721,0.9874421678783873,0.9966953073364178,0.9993390614672836
303.72635797033115,0.9874421678783873,0.9966953073364178,0.9993390614672836
306.5395295056527,0.9874421678783873,0.9966953073364178,0.9993390614672836
309.3787571730137,0.9874421678783873,0.9966953073364178,0.9993390614672836
312.2442823092858,0.9874421678783873,0.9966953073364178,0.9993390614672836
315.13634848664793,0.9874421678783873,0.9966953073364178,0.9993390614672836
318.05520153329195,0.9874421678783873,0.9966953073364178,0.9993390614672836
321.00108955431716,0.9874421678783873,0.9966953073364178,0.9993390614672836
323.9742629528196,0.9874421678783873,0.9966953073364178,0.9993390614672836
326.9749744511768,0.9874421678783873,0.9966953073364178,0.9993390614672836
330.0034791125285,0.9874421678783873,0.9966953073364178,0.9993390614672836
333.06003436245885,0.9874421678783873,0.9966953073364178,0.9993390614672836
336.1449000108765,0.9874421678783873,0.9966953073364178,0.9993390614672836
339.2583382740992,0.9874421678783873,0.9966953073364178,0.9993390614672836
342.40061379714257,0.9874421678783873,0.9966953073364178,0.9993390614672836
345.57199367621394,0.9874421678783873,0.9966953073364178,0.9993390614672836
348.77274748141775,0.9874421678783873,0.9966953073364178,0.9993390614672836
352.00314727966787,0.9874421678783873,0.9966953073364178,0.9993390614672836
355.2634676578139,0.9874421678783873,0.9966953073364178,0.9993390614672836
358.5539857459817,0.9874421678783873,0.9966953073364178,0.9993390614672836
361.874981241128,0.9874421678783873,0.9966953073364178,0.9993390614672836
365.22673643081754,0.9874421678783873,0.9966953073364178,0.9993390614672836
368.6095362172158,0.9874421678783873,0.9966953073364178,0.9993390614672836
372.0236681413066,0.9874421678783873,0.9966953073364178,0.9993390614672836
375.4694224073337,0.9874421678783873,0.9966953073364178,0.9993390614672836
378.94709190746676,0.9874421678783873,0.9966953073364178,0.9993390614672836
382.45697224669993,0.9874421678783873,0.9966953073364178,0.9993390614672836
385.9993617679767,0.9874421678783873,0.9966953073364178,0.9993390614672836
389.5745615775501,0.9874421678783873,0.9966953073364178,0.9993390614672836
393.18287557057704,0.9874421678783873,0.9966953073364178,0.9993390614672836
396.82461045694816,0.9874421678783873,0.9966953073364178,0.9993390614672836
400.5000757873611,0.9874421678783873,0.9966953073364178,0.9993390614672836
404.20958397963057,0.9874421678783873,0.9966953073364178,0.9993390614672836
407.9534503452449,0.9874421678783873,0.9966953073364178,0.9993390614672836
411.7319931161679,0.9874421678783873,0.9966953073364178,0.9993390614672836
415.54553347188755,0.9874421678783873,0.9966953073364178,0.9993390614672836
419.39439556671863,0.9874421678783873,0.9966953073364178,0.9993390614672836
423.27890655735484,0.9874421678783873,0.9966953073364178,0.9993390614672836
427.19939663067765,0.9874421678783873,0.9966953073364178,0.9993390614672836
431.15619903182284,0.9874421678783873,0.9966953073364178,0.9993390614672836
435.149650092505,0.9874421678783873,0.9966953073364178,0.9993390614672836
439.1800892596086,0.9874421678783873,0.9966953073364178,0.9993390614672836
443.2478591240396,0.9874421678783873,0.9966953073364178,0.9993390614672836
447.3533054498463,0.9874421678783873,0.9966953073364178,0.9993390614672836
451.4967772036102,0.9874421678783873,0.9966953073364178,0.9993390614672836
455.6786265841064,0.9874421678783873,0.9966953073364178,0.9993390614672836
459.8992090522438,0.9874421678783873,0.9966953073364178,0.9993390614672836
464.15888336127773,0.9874421678783873,0.9966953073364178,0.9993390614672836
468.4580115873045,0.9874421678783873,0.9966953073364178,0.9993390614672836
472.7969591600391,0.9874421678783873,0.9966953073364178,0.9993390614672836
477.17609489387456,0.9874421678783873,0.9966953073364178,0.9993390614672836
481.5957910192351,0.9874421678783873,0.9966953073364178,0.9993390614672836
486.0564232142134,0.9874421678783873,0.9966953073364178,0.9993390614672836
490.55837063650455,0.9874421678783873,0.9966953073364178,0.9993390614672836
495.1020159556351,0.9874421678783873,0.9966953073364178,0.9993390614672836
499.68774538548837,0.9874421678783873,0.9966953073364178,0.9993390614672836
504.3159487171359,0.9874421678783873,0.9966953073364178,0.9993390614672836
508.98701935196794,0.9874421678783873,0.9966953073364178,0.9993390614672836
513.7013543351344,0.9874421678783873,0.9966953073364178,0.9993390614672836
518.4593543892913,0.9874421678783873,0.9966953073364178,0.9993390614672836
523.2614239486662,0.9874421678783873,0.9966953073364178,0.9993390614672836
528.1079711934331,0.9874421678783873,0.9966953073364178,0.9993390614672836
532.9994080844087,0.9874421678783873,0.9966953073364178,0.9993390614672836
537.9361503980704,0.9874421678783873,0.9966953073364178,0.9993390614672836
542.9186177618943,0.9874421678783873,0.9966953073364178,0.9993390614672836
547.9472336900287,0.9874421678783873,0.9966953073364178,0.9993390614672836
553.0224256192901,0.9874421678783873,0.9966953073364178,0.9993390614672836
558.144624945496,0.9874421678783873,0.9966953073364178,0.9993390614672836
563.3142670601358,0.9874421678783873,0.9966953073364178,0.9993390614672836
568.5317913873754,0.9874421678783873,0.9966953073364178,0.9993390614672836
573.7976414214133,0.9874421678783873,0.9966953073364178,0.9993390614672836
579.1122647641758,0.9874421678783873,0.9966953073364178,0.9993390614672836
584.4761131633632,0.9874421678783873,0.9966953073364178,0.9993390614672836
589.8896425508499,0.9874421678783873,0.9966953073364178,0.9993390614672836
595.353313081437,0.9874421678783873,0.9966953073364178,0.9993390614672836
600.8675891719687,0.9874421678783873,0.9966953073364178,0.9993390614672836
606.4329395408062,0.9874421678783873,0.9966953073364178,0.9993390614672836
612.0498372476696,0.9874421678783873,0.9966953073364178,0.9993390614672836
617.7187597338494,0.9874421678783873,0.9966953073364178,0.9993390614672836
623.4401888627864,0.9874421678783873,0.9966953073364178,0.9993390614672836
629.2146109610344,0.9874421678783873,0.9966953073364178,0.9993390614672836
635.0425168595962,0.9874421678783873,0.9966953073364178,0.9993390614672836
640.924401935645,0.9874421678783873,0.9966953073364178,0.9993390614672836
646.8607661546328,0.9874421678783873,0.9966953073364178,0.9993390614672836
652.8521141127848,0.9874421678783873,0.9966953073364178,0.9993390614672836
658.898955079995,0.9874421678783873,0.9966953073364178,0.9993390614672836
665.0018030431119,0.9874421678783873,0.9966953073364178,0.9993390614672836
671.161176749628,0.9874421678783873,0.9966953073364178,0.9993390614672836
677.3775997517752,0.9874421678783873,0.9966953073364178,0.9993390614672836
683.6516004510238,0.9874421678783873,0.9966953073364178,0.9993390614672836
689.9837121430019,0.9874421678783873,0.9966953073364178,0.9993390614672836
696.3744730628222,0.9874421678783873,0.9966953073364178,0.9993390614672836
702.8244264308346,0.9874421678783873,0.9966953073364178,0.9993390614672836
709.3341204987997,0.9874421678783873,0.9966953073364178,1.0
715.9041085964889,0.9874421678783873,0.9966953073364178,1.0
722.5349491787214,0.9874421678783873,0.9966953073364178,1.0
729.2272058728313,0.9874421678783873,0.9966953073364178,1.0
735.9814475265764,0.9874421678783873,0.9966953073364178,1.0
742.7982482564919,0.9874421678783873,0.9966953073364178,1.0
749.6781874966877,0.9874421678783873,0.9966953073364178,1.0
756.6218500481056,0.9874421678783873,0.9966953073364178,1.0
763.6298261282242,0.9874421678783873,0.9966953073364178,1.0
770.7027114212295,0.9874421678783873,0.9966953073364178,1.0
777.841107128649,0.9874421678783873,0.9966953073364178,1.0
785.0456200204509,0.9874421678783873,0.9966953073364178,1.0
792.3168624866254,0.9874421678783873,0.9966953073364178,1.0
799.6554525892346,0.9874421678783873,0.9966953073364178,1.0
807.0620141149499,0.9874421678783873,0.9966953073364178,1.0
814.5371766280746,0.9874421678783873,0.9966953073364178,1.0
822.0815755240541,0.9874421678783873,0.9966953073364178,1.0
829.6958520834906,0.9874421678783873,0.9966953073364178,1.0
837.380653526649,0.9874421678783873,0.9966953073364178,1.0
845.1366330684713,0.9874421678783873,0.9966953073364178,1.0
852.9644499741025,0.9874421678783873,0.9966953073364178,1.0
860.8647696149245,0.9874421678783873,0.9966953073364178,1.0
868.8382635251185,0.9874421678783873,0.9966953073364178,1.0
876.8856094587427,0.9874421678783873,0.9966953073364178,1.0
885.0074914473439,0.9874421678783873,0.9966953073364178,1.0
893.2045998580968,0.9874421678783873,0.9966953073364178,1.0
901.4776314524918,0.9874421678783873,0.9966953073364178,1.0
909.8272894455558,0.9874421678783873,0.9966953073364178,1.0
918.2542835656282,0.9874421678783873,0.9966953073364178,1.0
926.7593301146883,0.9874421678783873,0.9966953073364178,1.0
935.3431520292387,0.9874421678783873,0.9966953073364178,1.0
944.0064789417603,0.9874421678783873,0.9966953073364178,1.0
952.750047242729,0.9874421678783873,0.9966953073364178,1.0
961.5746001432095,0.9874421678783873,0.9966953073364178,1.0
970.4808877380307,0.9874421678783873,0.9966953073364178,1.0
979.4696670695396,0.9874421678783873,0.9966953073364178,1.0
988.5417021919574,0.9874421678783873,0.9966953073364178,1.0
997.6977642363202,0.9874421678783873,0.9966953073364178,1.0
1006.9386314760271,0.9874421678783873,0.9966953073364178,1.0
1016.2650893929952,0.9874421678783873,0.9966953073364178,1.0
1025.677930744422,0.9874421678783873,0.9966953073364178,1.0
1035.1779556301763,0.9874421678783873,0.9966953073364178,1.0
1044.7659715608042,0.9874421678783873,0.9966953073364178,1.0
1054.4427935261685,0.9874421678783873,0.9966953073364178,1.0
1064.2092440647245,0.9874421678783873,0.9966953073364178,1.0
1074.0661533334335,0.9874421678783873,0.9966953073364178,1.0
1084.014359178331,0.9874421678783873,0.9966953073364178,1.0
1094.0547072057425,0.9874421678783873,0.9966953073364178,1.0
1104.18805085416,0.9874421678783873,0.9966953073364178,1.0
1114.415251466788,0.9874421678783873,0.9966953073364178,1.0
1124.737178364752,0.9874421678783873,0.9966953073364178,1.0
1135.154708920999,0.9874421678783873,0.9966953073364178,1.0
1145.6687286348715,0.9874421678783873,0.9966953073364178,1.0
1156.2801312073755,0.9874421678783873,0.9966953073364178,1.0
1166.9898186171474,0.9874421678783873,0.9966953073364178,1.0
1177.7987011971193,0.9874421678783873,0.9966953073364178,1.0
1188.7076977119034,0.9874421678783873,0.9966953073364178,1.0
1199.7177354358844,0.9874421678783873,0.9966953073364178,1.0
1210.8297502320395,0.9874421678783873,0.9966953073364178,1.0
1222.0446866314887,0.9874421678783873,0.9966953073364178,1.0
1233.363497913776,0.9874421678783873,0.9966953073364178,1.0
1244.787146187906,0.9874421678783873,0.9966953073364178,1.0
1256.3166024741201,0.9874421678783873,0.9966953073364178,1.0
1267.9528467864338,0.9874421678783873,0.9966953073364178,1.0
1279.6968682159415,0.9874421678783873,0.9966953073364178,1.0
1291.549665014884,0.9874421678783873,0.9966953073364178,1.0
1303.512244681509,0.9874421678783873,0.9966953073364178,1.0
1315.5856240457038,0.9874421678783873,0.9966953073364178,1.0
1327.770829355429,0.9874421678783873,0.9966953073364178,1.0
1340.0688963639507,0.9874421678783873,0.9966953073364178,1.0
1352.4808704178754,0.9874421678783873,0.9966953073364178,1.0
1365.0078065460139,0.9874421678783873,0.9966953073364178,1.0
1377.6507695490536,0.9874421678783873,0.9966953073364178,1.0
1390.4108340900696,0.9874421678783873,0.9966953073364178,1.0
1403.2890847858732,0.9874421678783873,0.9966953073364178,1.0
1416.2866162991988,0.9874421678783873,0.9966953073364178,1.0
1429.4045334317611,0.9874421678783873,0.9966953073364178,1.0
1442.6439512181573,0.9874421678783873,0.9966953073364178,1.0
1456.0059950206485,0.9874421678783873,0.9966953073364178,1.0
1469.4918006248172,0.9874421678783873,0.9966953073364178,1.0
1483.1025143361044,0.9874421678783873,0.9966953073364178,1.0
1496.8392930772557,0.9874421678783873,0.9966953073364178,1.0
1510.7033044866541,0.9874421678783873,0.9966953073364178,1.0
1524.695727017573,0.9874421678783873,0.9966953073364178,1.0
1538.8177500383463,0.9874421678783873,0.9966953073364178,1.0
1553.07057393346,0.9874421678783873,0.9966953073364178,1.0
1567.455410205595,0.9874421678783873,0.9966953073364178,1.0
1581.9734815785998,0.9874421678783873,0.9966953073364178,1.0
1596.6260221014252,0.9874421678783873,0.9966953073364178,1.0
1611.41427725302,0.9874421678783873,0.9966953073364178,1.0
1626.3395040481923,0.9874421678783873,0.9966953073364178,1.0
1641.4029711444664,0.9874421678783873,0.9966953073364178,1.0
1656.6059589499134,0.9874421678783873,0.9966953073364178,1.0
1671.94975973199,0.9874421678783873,0.9966953073364178,1.0
1687.4356777273756,0.9874421678783873,0.9966953073364178,1.0
1703.0650292528444,0.9874421678783873,0.9966953073364178,1.0
1718.8391428171456,0.9874421678783873,0.9966953073364178,1.0
1734.7593592339308,0.9874421678783873,0.9966953073364178,1.0
1750.827031735725,0.9874421678783873,0.9966953073364178,1.0
1767.0435260889467,0.9874421678783873,0.9966953073364178,1.0
1783.4102207100082,0.9874421678783873,0.9966953073364178,1.0
1799.9285067824765,0.9874421678783873,0.9966953073364178,1.0
1816.5997883753266,0.9874421678783873,0.9966953073364178,1.0
1833.4254825622907,0.9874421678783873,0.9966953073364178,1.0
1850.4070195423021,0.9874421678783873,0.9966953073364178,1.0
1867.545842761076,0.9874421678783873,0.9966953073364178,1.0
1884.8434090337953,0.9874421678783873,0.9966953073364178,1.0
1902.301188668944,0.9874421678783873,0.9966953073364178,1.0
1919.9206655932849,0.9874421678783873,0.9966953073364178,1.0
1937.703337477989,0.9874421678783873,0.9966953073364178,1.0
1955.650715865949,0.9874421678783873,0.9966953073364178,1.0
1973.7643263002553,0.9874421678783873,0.9966953073364178,1.0
1992.0457084538693,0.9874421678783873,0.9966953073364178,1.0
2010.496416260499,0.9874421678783873,0.9966953073364178,1.0
2029.1180180466781,0.9874421678783873,0.9966953073364178,1.0
2047.9120966650855,0.9874421678783873,0.9966953073364178,1.0
2066.880249629082,0.9874421678783873,0.9966953073364178,1.0
2086.0240892485026,0.9874421678783873,0.9966953073364178,1.0
2105.345242766706,0.9874421678783873,0.9966953073364178,1.0
2124.8453524988827,0.9874421678783873,0.9966953073364178,1.0
2144.5260759716675,0.9874421678783873,0.9966953073364178,1.0
2164.3890860640204,0.9874421678783873,0.9966953073364178,1.0
2184.436071149426,0.9874421678783873,0.9966953073364178,1.0
2204.6687352394097,0.9874421678783873,0.9966953073364178,1.0
2225.0887981283695,0.9874421678783873,0.9966953073364178,1.0
2245.697995539774,0.9874421678783873,0.9966953073364178,1.0
2266.498079273693,0.9874421678783873,0.9966953073364178,1.0
2287.490817355702,0.9874421678783873,0.9966953073364178,1.0
2308.6779941871696,0.9874421678783873,0.9966953073364178,1.0
2330.0614106969247,0.9874421678783873,0.9966953073364178,1.0
2351.6428844943484,0.9874421678783873,0.9966953073364178,1.0
2373.424250023866,0.9874421678783873,0.9966953073364178,1.0
2395.407358720877,0.9874421678783873,0.9966953073364178,1.0
2417.594079169131,0.9874421678783873,0.9966953073364178,1.0
2439.98629725955,0.9874421678783873,0.9966953073364178,1.0
2462.5859163505465,0.9874421678783873,0.9966953073364178,1.0
2485.3948574297983,0.9874421678783873,0.9966953073364178,1.0
2508.4150592775386,0.9874421678783873,0.9966953073364178,1.0
2531.6484786313554,0.9874421678783873,0.9966953073364178,1.0
2555.097090352507,0.9874421678783873,0.9966953073364178,1.0
2578.7628875938008,0.9874421678783873,0.9966953073364178,1.0
2602.6478819690046,0.9874421678783873,0.9966953073364178,1.0
2626.7541037238357,0.9874421678783873,0.9966953073364178,1.0
2651.083601908539,0.9874421678783873,0.9966953073364178,1.0
2675.6384445520453,0.9874421678783873,0.9966953073364178,1.0
2700.4207188377727,0.9874421678783873,0.9966953073364178,1.0
2725.432531281028,0.9874421678783873,0.9966953073364178,1.0
2750.6760079080645,0.9874421678783873,0.9966953073364178,1.0
2776.153294436801,0.9874421678783873,0.9966953073364178,1.0
2801.866556459195,0.9874421678783873,0.9966953073364178,1.0
2827.817979625341,0.9874421678783873,0.9966953073364178,1.0
2854.0097698292375,0.9874421678783873,0.9966953073364178,1.0
2880.4441533962977,0.9874421678783873,0.9966953073364178,1.0
2907.123377272578,0.9874421678783873,0.9966953073364178,1.0
2934.049709215787,0.9874421678783873,0.9966953073364178,1.0
2961.2254379880346,0.9874421678783873,0.9966953073364178,1.0
2988.6528735503825,0.9874421678783873,0.9966953073364178,1.0
3016.3343472591973,0.9874421678783873,0.9966953073364178,1.0
3044.272212064303,0.9874421678783873,0.9966953073364178,1.0
3072.4688427090036,0.9874421678783873,0.9966953073364178,1.0
3100.9266359319267,0.9874421678783873,0.9966953073364178,1.0
3129.6480106707504,0.9874421678783873,0.9966953073364178,1.0
3158.635408267819,0.9874421678783873,0.9966953073364178,1.0
3187.8912926776457,0.9874421678783873,0.9966953073364178,1.0
3217.4181506763716,0.9874421678783873,0.9966953073364178,1.0
3247.218492073129,0.9874421678783873,0.9966953073364178,1.0
3277.294849923382,0.9874421678783873,0.9966953073364178,1.0
3307.6497807442424,0.9874421678783873,0.9966953073364178,1.0
3338.285864731761,0.9874421678783873,0.9966953073364178,1.0
3369.2057059802673,0.9874421678783873,0.9966953073364178,1.0
3400.411932703706,0.9874421678783873,0.9966953073364178,1.0
3431.9071974590424,0.9874421678783873,0.9966953073364178,1.0
3463.6941773717344,0.9874421678783873,0.9966953073364178,1.0
3495.775574363275,0.9874421678783873,0.9966953073364178,1.0
3528.154115380883,0.9874421678783873,0.9966953073364178,1.0
3560.832552629278,0.9874421678783873,0.9966953073364178,1.0
3593.813663804626,0.9874421678783873,0.9966953073364178,1.0
3627.1002523306483,0.9874421678783873,0.9966953073364178,1.0
3660.695147596902,0.9874421678783873,0.9966953073364178,1.0
3694.6012051993025,0.9874421678783873,0.9966953073364178,1.0
3728.8213071828336,0.9874421678783873,0.9966953073364178,1.0
3763.3583622865326,0.9874421678783873,0.9966953073364178,1.0
3798.215306190736,0.9874421678783873,0.9966953073364178,1.0
3833.3951017666013,0.9874421678783873,0.9966953073364178,1.0
3868.9007393279753,0.9874421678783873,0.9966953073364178,1.0
3904.73523688556,0.9874421678783873,0.9966953073364178,1.0
3940.901640403448,0.9874421678783873,0.9966953073364178,1.0
3977.403024058037,0.9874421678783873,0.9966953073364178,1.0
4014.242490499322,0.9874421678783873,0.9966953073364178,1.0
4051.423171114647,0.9874421678783873,0.9966953073364178,1.0
4088.9482262948604,0.9874421678783873,0.9966953073364178,1.0
4126.820845702951,0.9874421678783873,0.9966953073364178,1.0
4165.044248545185,0.9874421678783873,0.9966953073364178,1.0
4203.6216838447135,0.9874421678783873,0.9966953073364178,1.0
4242.556430717777,0.9874421678783873,0.9966953073364178,1.0
4281.851798652411,0.9874421678783873,0.9966953073364178,1.0
4321.511127789762,0.9874421678783873,0.9966953073364178,1.0
4361.537789208006,0.9874421678783873,0.9966953073364178,1.0
4401.935185208875,0.9874421678783873,0.9966953073364178,1.0
4442.706749606883,0.9874421678783873,0.9966953073364178,1.0
4483.855948021186,0.9874421678783873,0.9966953073364178,1.0
4525.386278170166,0.9874421678783873,0.9966953073364178,1.0
4567.301270168747,0.9874421678783873,0.9966953073364178,1.0
4609.604486828433,0.9874421678783873,0.9966953073364178,1.0
4652.29952396019,0.9874421678783873,0.9966953073364178,1.0
4695.390010680058,0.9874421678783873,0.9966953073364178,1.0
4738.879609717651,0.9874421678783873,0.9966953073364178,1.0
4782.772017727485,0.9874421678783873,0.9966953073364178,1.0
4827.070965603183,0.9874421678783873,0.9966953073364178,1.0
4871.780218794631,0.9874421678783873,0.9966953073364178,1.0
4916.903577628026,0.9874421678783873,0.9966953073364178,1.0
4962.444877628914,0.9874421678783873,0.9966953073364178,1.0
5008.407989848212,0.9874421678783873,0.9966953073364178,1.0
5054.79682119124,0.9874421678783873,0.9966953073364178,1.0
5101.6153147498335,0.9874421678783873,0.9966953073364178,1.0
5148.867450137493,0.9874421678783873,0.9966953073364178,1.0
5196.557243827658,0.9874421678783873,0.9966953073364178,1.0
5244.688749495119,0.9874421678783873,0.9966953073364178,1.0
5293.266058360561,0.9874421678783873,0.9966953073364178,1.0
5342.293299538353,0.9874421678783873,0.9966953073364178,1.0
5391.7746403875,0.9874421678783873,0.9966953073364178,1.0
5441.714286865893,0.9874421678783873,0.9966953073364178,1.0
5492.116483887789,0.9874421678783873,0.9966953073364178,1.0
5542.985515684669,0.9874421678783873,0.9966953073364178,1.0
5594.325706169378,0.9874421678783873,0.9966953073364178,1.0
5646.141419303667,0.9874421678783873,0.9966953073364178,1.0
5698.437059469142,0.9874421678783873,0.9966953073364178,1.0
5751.217071841614,0.9874421678783873,0.9966953073364178,1.0
5804.485942768978,0.9874421678783873,0.9966953073364178,1.0
5858.248200152536,0.9874421678783873,0.9966953073364178,1.0
5912.508413831875,0.9874421678783873,0.9966953073364178,1.0
5967.271195973317,0.9874421678783873,0.9966953073364178,1.0
6022.541201461928,0.9874421678783873,0.9966953073364178,1.0
6078.32312829723,0.9874421678783873,0.9966953073364178,1.0
6134.621717992506,0.9874421678783873,0.9966953073364178,1.0
6191.441755977841,0.9874421678783873,0.9966953073364178,1.0
6248.788072006894,0.9874421678783873,0.9966953073364178,1.0
6306.6655405674055,0.9874421678783873,0.9966953073364178,1.0
6365.079081295571,0.9874421678783873,0.9966953073364178,1.0
6424.033659394191,0.9874421678783873,0.9966953073364178,1.0
6483.534286054721,0.9874421678783873,0.9966953073364178,1.0
6543.586018883236,0.9874421678783873,0.9966953073364178,1.0
6604.193962330305,0.9874421678783873,0.9966953073364178,1.0
6665.363268124914,0.9874421678783873,0.9966953073364178,1.0
6727.099135712337,0.9874421678783873,0.9966953073364178,1.0
6789.406812696106,0.9874421678783873,0.9966953073364178,1.0
6852.291595284064,0.9874421678783873,0.9966953073364178,1.0
6915.758828738525,0.9874421678783873,0.9966953073364178,1.0
6979.81390783066,0.9874421678783873,0.9966953073364178,1.0
7044.462277299037,0.9874421678783873,0.9966953073364178,1.0
7109.709432312431,0.9874421678783873,0.9966953073364178,1.0
7175.560918936929,0.9874421678783873,0.9966953073364178,1.0
7242.022334607315,0.9874421678783873,0.9966953073364178,1.0
7309.099328602911,0.9874421678783873,0.9966953073364178,1.0
7376.79760252773,0.9874421678783873,0.9966953073364178,1.0
7445.122910795136,0.9874421678783873,0.9966953073364178,1.0
7514.08106111697,0.9874421678783873,0.9966953073364178,1.0
7583.677914997191,0.9874421678783873,0.9966953073364178,1.0
7653.919388230148,0.9874421678783873,0.9966953073364178,1.0
7724.8114514034005,0.9874421678783873,0.9966953073364178,1.0
7796.360130405229,0.9874421678783873,0.9966953073364178,1.0
7868.571506936852,0.9874421678783873,0.9966953073364178,1.0
7941.45171902934,0.9874421678783873,0.9966953073364178,1.0
8015.006961565405,0.9874421678783873,0.9966953073364178,1.0
8089.243486805938,0.9874421678783873,0.9966953073364178,1.0
8164.167604921464,0.9874421678783873,0.9966953073364178,1.0
8239.78568452852,0.9874421678783873,0.9966953073364178,1.0
8316.104153230961,0.9874421678783873,0.9966953073364178,1.0
8393.129498166365,0.9874421678783873,0.9966953073364178,1.0
8470.868266557402,0.9874421678783873,0.9966953073364178,1.0
8549.327066268375,0.9874421678783873,0.9966953073364178,1.0
8628.512566366895,0.9874421678783873,0.9966953073364178,1.0
8708.431497690724,0.9874421678783873,0.9966953073364178,1.0
8789.090653419955,0.9874421678783873,0.9966953073364178,1.0
8870.496889654403,0.9874421678783873,0.9966953073364178,1.0
8952.657125996391,0.9874421678783873,0.9966953073364178,1.0
9035.57834613893,0.9874421678783873,0.9966953073364178,1.0
9119.267598459299,0.9874421678783873,0.9966953073364178,1.0
9203.73199661822,0.9874421678783873,0.9966953073364178,1.0
9288.978720164498,0.9874421678783873,0.9966953073364178,1.0
9375.015015145289,0.9874421678783873,0.9966953073364178,1.0
9461.848194722003,0.9874421678783873,0.9966953073364178,1.0
9549.485639791967,0.9874421678783873,0.9966953073364178,1.0
9637.934799615785,0.9874421678783873,0.9966953073364178,1.0
9727.203192450537,0.9874421678783873,0.9966953073364178,1.0
9817.29840618884,0.9874421678783873,0.9966953073364178,1.0
9908.228099003798,0.9874421678783873,0.9966953073364178,1.0
10000.0,0.9874421678783873,0.9966953073364178,1.0
